Employee_ID,Office_ID,Course,Intake_Proficiency_Score,Intake_Applications_Score,Outcome_Proficiency_Score,Outcome_Applications_Score
900268,1,103,0.2355369490994046,0.22998000932130672,0.5230674375109833,0.6757167713086804
900275,6,103,0.23858344812789398,0.20694062860658885,0.6098062372708192,0.6548429961452563
900305,10,103,0.3034576969652698,0.3344258122732122,0.7267530850080359,0.6934789633251995
900313,12,103,0.31274801184519113,0.4254765387794367,0.8767791636580323,0.6531690794851714
900335,12,103,0.36974361777066184,0.19864293913309533,0.6557369747851317,0.5961760510278684
900338,6,103,0.18503631848470276,0.34068753180839734,0.6422933748199021,0.6804727245464457
900411,10,103,0.30349654014235455,0.36994385715612804,0.7603299645430113,0.6737187649694575
900507,3,103,0.25039473259688105,0.24331436677044627,0.4704206992116795,0.5385657074971459
900703,10,103,0.31763414339711576,0.3955389597662011,0.7370986768939619,0.7354042963143486
900861,1,103,0.19087794068469635,0.22160139731788553,0.7408562509525954,0.6232015754736937
901009,10,103,0.4416259247396039,0.41565310975637654,0.7301196017060075,0.7316230011920977
901086,6,103,0.13187784975993574,0.2897402476923899,0.6265508271620541,0.7011638605826992
901095,6,103,0.3020002968768927,0.3293730812499392,0.6259258415542169,0.6043582920718883
901197,10,103,0.29170629272466453,0.36383175964716624,0.6691835476635168,0.6266351267735686
901334,6,103,0.27980418387512035,0.29334618378973004,0.6659268314816277,0.7379082170922133
901836,3,103,0.28958125396512346,0.2524864067136327,0.4689593004787006,0.5650636425796508
901864,1,103,0.10622457032926141,0.2365637823285489,0.5868218639311701,0.6619400015037799
901966,12,103,0.29754056210049623,0.38783931134823263,0.8056729026191563,0.6139018236385767
902292,8,103,0.2257974310523452,0.2660445260967092,0.814007718730826,0.626146996853047
902524,10,103,0.2901047217226244,0.3712648666207762,0.7122337279181424,0.687381054201862
902888,6,103,0.293725367893708,0.28713291812335934,0.6276719942166176,0.5651109034335762
903263,8,103,0.22610940771042504,0.18177950522947056,0.6150026103626411,0.5061022345184277
903941,6,103,0.3002860715605279,0.35529315227531977,0.6667665147261495,0.699657281715776
904058,12,103,0.3465617140747162,0.36286339115379057,0.7862181928631826,0.541338607494175
904159,12,103,0.373038050863651,0.276867412639736,0.7459310722029704,0.6406290440317801
904220,6,103,0.2267402501837127,0.20729519283234085,0.5703651775682095,0.6194298793191515
904228,8,103,0.3402920679571784,0.19115540285027396,0.641074128962057,0.5149316845378071
904483,1,103,0.2984203373384963,0.23657126547281027,0.7364531017441807,0.5843021318022452
904970,10,103,0.3848114822164347,0.3168185478492651,0.6677076977977453,0.7968678611378616
904974,10,103,0.38054993091106787,0.3365982468615896,0.7679348400183704,0.6825463400890313
905132,12,103,0.32120642112671094,0.3839721226706698,0.8349070903861738,0.5686543929507671
905314,12,103,0.4124504773285494,0.4000997305330649,0.8070652675725621,0.5873514098922881
905434,10,103,0.3200948724035518,0.23548423953071393,0.7532297374663846,0.6766228513405645
905778,6,103,0.2944201225544527,0.4041743156279844,0.5839452230558685,0.6844181597277325
906080,3,103,0.26570666835845713,0.23536335403507452,0.5438561352722636,0.5264673186935903
906274,1,103,0.29318931220769007,0.3211373016494476,0.6723959306749371,0.6981155083813594
906547,6,103,0.26914815035054135,0.1998684440480939,0.6797096962165781,0.6505464597962763
906718,6,103,0.2529130554297734,0.30621365507006937,0.5854140164732402,0.6024196678271477
906725,12,103,0.3546345714510653,0.3061196812878014,0.7071049009046814,0.5364051369706607
906805,8,103,0.3000987067777424,0.18197774569324787,0.6504589760281578,0.5904615032777898
906837,12,103,0.33042702058844486,0.3919128186520452,0.713254033832844,0.6640873411164049
907112,1,103,0.24194437285967413,0.2549666115787713,0.7286149306471936,0.6583661303824199
907499,12,103,0.30624990568952526,0.29204285743810343,0.833724884520056,0.5315428472883584
907816,1,103,0.14750288077207033,0.3450970838792352,0.5750047782568158,0.4706318173583302
907939,12,103,0.27661460056932985,0.38184935210380333,0.7829825311665445,0.6270408974571531
908241,6,103,0.17756211147027945,0.3182192624866329,0.5735816497935117,0.6859958799875269
908314,6,103,0.26393829328097745,0.2813315961067865,0.7259748873652813,0.726501664998213
908332,6,103,0.2791914408319357,0.35708995359123485,0.7037628448564959,0.67168827388522
908651,12,103,0.3906981309967028,0.37817970223376657,0.8254661230422223,0.5304781682864073
908707,1,103,0.2555529983192151,0.15426351592799098,0.7382997007585441,0.6099701158456069
908794,1,103,0.23307569248591797,0.30808503217405575,0.6195111526068222,0.6444063550017026
908863,3,103,0.2929371154885982,0.16847520880169134,0.5488057349031014,0.5527244581935223
909141,10,103,0.39113043683776766,0.3471799529546296,0.7397249780174291,0.6218964206521194
909472,6,103,0.237856369908411,0.2889675375310269,0.6394641155981093,0.7324726444636456
909608,12,103,0.33848114131313833,0.3841503169740214,0.7227255998491616,0.6072796687112362
909634,12,103,0.24601779794489076,0.3194779024586905,0.8133393868207682,0.5252015117433381
909958,6,103,0.3109355674317782,0.2536693520864453,0.6437766778858601,0.6979227136721257
910082,12,103,0.35597805075781236,0.2962378006633557,0.8241271921646485,0.5502683730106169
910170,10,103,0.2958285366386883,0.3309005446696181,0.7040933243005748,0.6675106593554597
910226,10,103,0.3351505030589756,0.3716392240577271,0.6847982958801418,0.8089003326092606
910663,10,103,0.31980364165969594,0.2906037161916789,0.6808186366475804,0.7219992774813373
910669,8,103,0.28230269272436914,0.3034337548454655,0.6485174326906463,0.5961683945857359
910927,6,103,0.27425838215997,0.2125120573195769,0.6316314704439506,0.6210939093200853
910960,10,103,0.3549864214416185,0.40076758313060395,0.6815906700279917,0.7029230484826647
911139,10,103,0.3545103934430149,0.3467828550749613,0.6350705930219777,0.6828505959934432
911278,3,103,0.18458315303431583,0.24470954762412886,0.5596924136191614,0.5777470442419873
911306,3,103,0.25787289040869327,0.19856583952670087,0.4990624373750535,0.5272875583032477
911414,6,103,0.2708835907877853,0.25269535661515974,0.6156205736765825,0.6569772822786433
911774,8,103,0.3727162104229937,0.252096213378548,0.6299028675684538,0.588616553279
911990,12,103,0.2714900533339903,0.3380626260277043,0.6518420147817,0.6032416966256339
912341,12,103,0.32583821974980753,0.3647504466666096,0.7123394587919027,0.4911281195192909
912856,6,103,0.2555432376467878,0.21656465735104002,0.6092964692409015,0.6438277591071332
912921,10,103,0.3137103655885986,0.30607789177416134,0.6996364088738171,0.6656646824973962
913242,12,103,0.3537144065864932,0.43662288052081266,0.6915551006098424,0.5825625605490824
913415,12,103,0.3847886362633878,0.34090574193557,0.9321505672174402,0.4861350510960328
913638,6,103,0.2957217744732374,0.27594131426668345,0.6255497011949487,0.6096518694943509
914462,12,103,0.38620130509259926,0.2782005784903132,0.7446509914375375,0.6627464384056482
914822,8,103,0.28375736472264096,0.2671014290437569,0.6773801838694232,0.4681558164807237
915093,10,103,0.2548102203985797,0.3708359122426733,0.7092692110183155,0.6822102450262856
915426,3,103,0.27157844373018547,0.1538554000154275,0.5387916828284537,0.5034092459944017
915440,10,103,0.4050364773211802,0.35407809542815843,0.6318061524509625,0.8048098083688204
915509,10,103,0.3114049699790388,0.36686856903659515,0.692125267722083,0.7439065754070395
915626,12,103,0.3544493767447747,0.320024994842322,0.8420421324343365,0.6150785551608828
915857,10,103,0.44978173882463146,0.43198623294696964,0.8335271714605325,0.72886587961244
916025,10,103,0.31023001663893846,0.3225504162611631,0.6727184524799971,0.7372451346044554
916195,10,103,0.34949310364322655,0.2962446145770531,0.5527059928172943,0.7118231746145619
916843,6,103,0.30593472974236335,0.2581912799368663,0.6440846017846048,0.6549202059514907
916858,1,103,0.26375992068890664,0.28878080736739925,0.7346752957200932,0.6219500359368219
916892,8,103,0.2254999720180464,0.290769635567128,0.6941483445839168,0.5942829371215013
916921,8,103,0.32733735086277926,0.34890317471161336,0.766219080247933,0.5504673834271416
916948,8,103,0.28987233159589915,0.27292962622605554,0.6746671642694975,0.5187244148144006
917294,12,103,0.40283018810000093,0.3673462885937628,0.7991555769147947,0.5749296220009926
917419,6,103,0.26576425025887285,0.281021147044893,0.6123942682683543,0.6662931675064253
917559,8,103,0.36076922545996876,0.2192331628674251,0.7364400825006544,0.5180858263651489
917587,10,103,0.3748118129117376,0.3376991197097295,0.7030590266937793,0.7342909082914181
918149,6,103,0.31595033863072247,0.18962424448025778,0.6804559568661057,0.5892621751664266
918233,10,103,0.3299644829492292,0.320151712646314,0.8266934743626576,0.7189267175577971
918265,6,103,0.27785806166156085,0.35069079168173106,0.5621430279834614,0.6597303363068354
918332,6,103,0.17827111376870958,0.2532327033267536,0.5948001234863146,0.6556793523669692
918453,10,103,0.2844732421428905,0.31418505126266993,0.7049888900504164,0.7506384039490603
918577,8,103,0.32742703445472787,0.22344074554931043,0.6761777017294224,0.5611630301151014
918913,6,103,0.23214556928061628,0.24482729623544564,0.655609557521398,0.6541130227547541
919086,6,103,0.22112180256129385,0.16116884008345,0.6963593226837873,0.5954740884680587
919173,6,103,0.35503628793013114,0.24825570462530577,0.6201166851421818,0.5678418093654911
919392,1,103,0.29206353827501746,0.23714746022568567,0.7762389136953927,0.6810552514456841
919646,10,103,0.23131328631456033,0.4410284314414688,0.7712647403794112,0.7640573695418341
919872,1,103,0.15485112721573852,0.2237364421847869,0.6826444794466878,0.7060239234872562
920092,8,103,0.19121461004626578,0.3056992181550411,0.6855651211043325,0.5255494233055658
920269,10,103,0.2994540337392388,0.36262215401168785,0.7010952702634828,0.6831188238189174
920541,6,103,0.21789933273379197,0.2543622955270112,0.6339591678372799,0.6466414140257293
920731,1,103,0.31411903037730343,0.36647972158919084,0.6570422079438817,0.6410564395198654
920746,6,103,0.3636977786628057,0.2668493440756463,0.7144817062263188,0.7289666748373691
921020,8,103,0.15020500244881682,0.2668880143317622,0.6728594003350198,0.5766476527680917
921058,10,103,0.3767318410474621,0.36414080313666747,0.8126033808414127,0.7479455721512942
921173,3,103,0.34252258086472753,0.20183654923684094,0.4689119371937933,0.5366089193253423
921196,8,103,0.312158000237032,0.27844940053988665,0.6886559535972698,0.5517339659351105
921246,1,103,0.2812983552073479,0.3329316295532026,0.670629603637284,0.6472111478098798
921744,10,103,0.3285910734294494,0.3627701476015806,0.6828895624544352,0.76989920150827
921929,3,103,0.27448313218529236,0.24647414567681916,0.5134673406226735,0.5174367953571183
921990,1,103,0.3032337138569844,0.13673997245821162,0.680049330541942,0.6479438529444904
922309,3,103,0.3216158734766336,0.1675780902853466,0.5261585991947596,0.48339002209452975
922442,12,103,0.33257601042643764,0.3665452881241914,0.7362250846298419,0.6654909500597163
922456,1,103,0.22619038665559552,0.22805371779085576,0.7293621454242312,0.733094455364898
922620,10,103,0.2836532701529884,0.44462046449270676,0.7526421348573316,0.7462899269784283
922703,10,103,0.2515401310480734,0.3525557081547887,0.6740185971411287,0.7513351350038417
922768,8,103,0.22275222510372,0.2867678880951725,0.7886574674648772,0.5971272345144677
922826,8,103,0.37179665416110497,0.29185090769650474,0.6999623552029639,0.5278332801596112
922833,12,103,0.2850683381432315,0.3250266733462217,0.7464444504720529,0.5720746698261595
922868,6,103,0.21233635215779686,0.30666492522544,0.5784116592456545,0.5426334372252972
922945,6,103,0.2677104617953576,0.2828335565546544,0.6151909112773932,0.7474322599122905
923435,6,103,0.21910237146834288,0.2808563292240015,0.6783297000279257,0.7105566757431097
923460,6,103,0.2857536634717924,0.21192027857235585,0.658994693856765,0.5943929395577596
923776,3,103,0.28635947669836603,0.11529224382194544,0.4982555005633742,0.5529448259261261
923804,6,103,0.2274508239604357,0.27506876614494946,0.6488910852946161,0.6288857403783863
923812,10,103,0.40777975931836796,0.36314328164381,0.7565385408365992,0.805658189027728
923962,6,103,0.206057653600016,0.2939953748890953,0.6598992827967767,0.6807676359112473
924411,6,103,0.2376960686442379,0.2640072178347042,0.6291423844520306,0.6388233610844718
924649,12,103,0.28702484227554576,0.4659239677998705,0.7054669555465075,0.5221917859263073
924875,1,103,0.21266387732884268,0.18208028125345582,0.6590804725527307,0.725962261226326
924914,1,103,0.18837059551049876,0.16281220070605484,0.660420147352088,0.6545469930593906
925027,3,103,0.3159480196100194,0.16777561822157044,0.5937528775244723,0.5195350683025846
925129,6,103,0.2740825850032628,0.321923095647553,0.6548907357786835,0.6269498901101501
925136,12,103,0.32424999433621715,0.44895472520604185,0.7321840683366748,0.6332939480815134
925482,6,103,0.2888832267067539,0.27228881390800214,0.6052228682187348,0.6310115466990182
925782,8,103,0.23419843694819675,0.27299098637501384,0.6863077642873961,0.5675595933966503
925874,6,103,0.2987341549774079,0.2772645013488195,0.5312742996911946,0.6176986099344884
925993,12,103,0.3439576924005317,0.4061674292264784,0.6679499055177838,0.5484430364044707
926137,12,103,0.2960417607038487,0.41097505434613507,0.8310400158672977,0.5989528004318111
926351,6,103,0.26758134933979105,0.17227242811734944,0.7227301339995014,0.6349356851743478
926806,1,103,0.23268452014917487,0.31908291564910596,0.6981564863522319,0.5593768308783675
927286,3,103,0.27570077672442084,0.306855722607408,0.5145295431422457,0.4049046606197257
927319,3,103,0.26832154570068045,0.23726012112906533,0.5353312855618415,0.5127109296429836
927760,10,103,0.3016538924338551,0.37353330909315313,0.7352707215791273,0.6830099299271238
927768,6,103,0.27892629663936247,0.28345201457081537,0.6109695518124808,0.6365761818988178
927794,6,103,0.22403805329390297,0.20715836453604708,0.5597958322270871,0.7291094187049818
927978,6,103,0.2627973672512098,0.31112006994289854,0.6597845369457117,0.560552823213067
928020,10,103,0.34968123950022606,0.26318306094662336,0.6261791406953338,0.688531987395216
928711,6,103,0.2882942946917959,0.2389743474068491,0.647875164891021,0.6195500188902128
929174,6,103,0.21440517517173996,0.2208239069356957,0.6071606817728391,0.6856354278238913
929289,8,103,0.2587070473528841,0.32065873135505424,0.6098417964790828,0.5245590431154875
929299,12,103,0.19982654208780576,0.35705621843029733,0.7999045703517453,0.6835936397050083
929317,6,103,0.22112661867819047,0.261309638683517,0.631330510401695,0.6687808209091248
929340,3,103,0.31152733627896234,0.19037231837169294,0.5069796552648015,0.4512271611666189
929580,6,103,0.2885293429058866,0.26287970360860924,0.5971812080782113,0.623569705843024
929681,12,103,0.3000913634111266,0.3717216785110709,0.5866328343848328,0.5827593327990147
929722,10,103,0.2434366034594681,0.29310211309525275,0.7839081355146386,0.7040372486256911
929752,6,103,0.2628935620604032,0.21122809304241652,0.6347388613305357,0.6379174360813333
929886,1,103,0.21736459288540239,0.1810706086941929,0.7025368667876044,0.5570498820982909
930070,10,103,0.31609060251175813,0.40579952244761475,0.7397637523068611,0.6451914965255395
930279,10,103,0.3993050516052954,0.41089628028404357,0.8539048367037891,0.7137104156919485
930334,3,103,0.22710979647646154,0.17145974730888724,0.5314176699579862,0.4951969959118459
930622,3,103,0.3226704980134962,0.23634124802526094,0.5345790846662881,0.5710330332389951
931145,10,103,0.3331273721579032,0.35142610592481854,0.74543308710115,0.6433500463673986
931231,6,103,0.35817693169615816,0.3017816326528602,0.5330416401218939,0.679950159336091
931265,6,103,0.29407206917448,0.27193585323077657,0.5794788371676497,0.623559737389948
931332,12,103,0.35995783702897216,0.3098559531866035,0.8046098772439797,0.5409131854733452
931445,6,103,0.1745432161389734,0.2818837981551381,0.6455681236779169,0.6347773667342324
931538,6,103,0.30537473396495024,0.2671109970889143,0.5884087918378088,0.686152778831524
931966,3,103,0.2932056689189825,0.2878875250239421,0.4939586420462382,0.4902486471952777
932832,6,103,0.2507676046968581,0.263592764261924,0.6669518609672083,0.6646073691462906
932909,6,103,0.2540230809408602,0.2865215729263539,0.5727524869305483,0.7201495699013063
932953,12,103,0.42182962623874365,0.43040711275247,0.7905529492566716,0.5663688782533496
933004,6,103,0.23814652738302436,0.19411119628135054,0.5535490376116741,0.6361170361635502
933424,6,103,0.19621669173413864,0.2803663708979054,0.6467456294797739,0.5803988665028674
933482,6,103,0.2823021479609685,0.2474370456772569,0.6859038744317802,0.6148646605658371
933643,6,103,0.36988083725452253,0.25121257151753174,0.5525076230697997,0.7223302763989333
933684,10,103,0.3781231603710705,0.346225500836188,0.6048900439721347,0.633554139600242
933896,12,103,0.34487765432964457,0.36342027973218327,0.7999581745884987,0.5412133057098563
933990,12,103,0.22209881696700626,0.3281692989518641,0.8143850860696095,0.6456191049794183
934466,3,103,0.26761426291806245,0.19208543046450174,0.5499449574701879,0.46169035914485756
934470,6,103,0.25441877465148904,0.2350441073357215,0.5915799574331337,0.6339222676106684
934669,6,103,0.235513892251772,0.34707434505059614,0.722467238481336,0.6410508319197399
935431,6,103,0.2684296699460638,0.34825318281270407,0.6598315605453258,0.6985649950633936
935756,8,103,0.18462271668395286,0.26270461088311076,0.68926585160642,0.5659895134948905
935782,6,103,0.18581997222856578,0.27090499426031006,0.5494428800757789,0.5772250714628205
935876,8,103,0.2443285559495207,0.24637083737921966,0.7124079101142664,0.5934918217037781
936058,12,103,0.304720180698453,0.3962158899668133,0.7721129868429165,0.6385229649669235
936211,10,103,0.3030427746856615,0.20811659891877837,0.6765011603079962,0.6071251732807614
936258,1,103,0.2620648519857927,0.21247593548945326,0.7841516474351145,0.6359125763651734
936800,6,103,0.16636828899717654,0.2878566122570268,0.6255211143633403,0.584831863090741
937092,12,103,0.2588143060219409,0.31791983345320035,0.8242828665024703,0.6380992273004785
937421,10,103,0.2609545134547529,0.34678829842042624,0.7098272238215353,0.8353102502957298
937586,6,103,0.273691241157616,0.2744209993432521,0.6146914587455917,0.6820162977449797
937657,12,103,0.3683302396025483,0.24942290179366366,0.7621755613257596,0.5338739229230876
937732,12,103,0.29438189602750114,0.2845481331222148,0.6946118817565687,0.6942517421640763
937924,8,103,0.18759597232666433,0.18671947009806325,0.574931398587453,0.44850985985775765
938053,10,103,0.33751645377963546,0.3778620306721716,0.6888763742670827,0.7691376598264184
938360,10,103,0.38211087480348904,0.37746746603591125,0.7196566926684728,0.7075956182297436
938364,6,103,0.2551844775600163,0.3146232309090097,0.5839231945851943,0.6775716747359324
938372,8,103,0.3199033060569973,0.29977250321973103,0.6182450852436758,0.5512281939732353
938414,12,103,0.27410444332686323,0.3723004124890373,0.6080812647394467,0.6784475051731851
938495,10,103,0.3550621330982848,0.36755494831116303,0.655093811651155,0.6824774286231902
938712,10,103,0.34500429167530605,0.32658231920775743,0.8000648465425638,0.8023928507226921
938722,3,103,0.25516925185305106,0.3601772062634564,0.46972359560767346,0.5078983592504589
938754,12,103,0.3394532767024817,0.3351888278798887,0.8078823380519335,0.5602202839282381
938879,10,103,0.35546613359411217,0.35386956048039186,0.6870268055528027,0.7193128132070729
938902,3,103,0.3063116292759127,0.13702858677701055,0.46409642325558664,0.5193203869088955
939004,12,103,0.33306261503809786,0.30836724428657486,0.7163296354769237,0.5910024831331256
939357,6,103,0.17245160219124317,0.19383445572340574,0.5649435501558867,0.637997041040537
939482,3,103,0.34864835477874473,0.21480087001685566,0.48025457419419293,0.49575928101019706
939509,1,103,0.2134049067661785,0.22504716858513268,0.7264010276006249,0.643390419485918
939728,10,103,0.31746569431649846,0.3800154079076896,0.7314542101954734,0.714596244894188
939927,6,103,0.14824434492076466,0.2851393054501437,0.6205116367518316,0.6947761798434519
940332,6,103,0.16540164053737816,0.31041766892604944,0.6003347166086191,0.751786340015838
940449,10,103,0.3135119823584256,0.4407675315601937,0.7214373326897484,0.6884790961754264
940537,1,103,0.26297244212973075,0.22299929966973686,0.6156689748278315,0.6124713720159966
940548,8,103,0.3039936621788173,0.21118232004423362,0.6921099333281757,0.5175232622480712
941135,6,103,0.27129015642239546,0.3230030620560929,0.6672001277285323,0.7016823861866883
941371,10,103,0.37858441123555137,0.340308716534827,0.7310299291947563,0.7746570928403886
941742,12,103,0.3667010058617464,0.37716092167276627,0.7035798614325632,0.5953215608267471
941907,10,103,0.33332621749558783,0.4150409207182459,0.7822944232479023,0.6831910490414941
941959,12,103,0.24754406922236372,0.3890334841500308,0.8126739042655179,0.6466563437924022
942420,1,103,0.23765269204587014,0.21850029696376047,0.6865120803344618,0.6804976413467921
942490,6,103,0.1904774909875932,0.2577495164097916,0.6461804292693312,0.5469775041246069
942565,3,103,0.25750959699418663,0.27351715836010765,0.5118551005356936,0.6020133893510727
942935,6,103,0.24143369147645288,0.29034027853106414,0.6463193294026244,0.6082953509991721
943068,12,103,0.26125457646644323,0.41068500230344507,0.7786609161188525,0.4699443819094611
943152,6,103,0.13958687224329494,0.28979854819894635,0.6987012537101609,0.6799016643746756
943556,3,103,0.24042500712125503,0.15950875415042703,0.588982572492096,0.5092152597516174
943724,6,103,0.18962744977681073,0.34566412627096865,0.6045626182745281,0.6591164237462724
943759,3,103,0.25592984017488757,0.24614211338502512,0.45576015889945687,0.4736168271109702
943863,6,103,0.12338352848374676,0.24672467490636255,0.6367108872813224,0.6733843510242418
943990,6,103,0.30767380931488075,0.29773909714779845,0.6337207185561614,0.6165214952166663
944175,1,103,0.25127588085674707,0.2705785753738399,0.7238764768435768,0.753071676983472
944341,10,103,0.45803498356030653,0.33355833630598514,0.6972735609428639,0.8069931030862159
944569,8,103,0.3116276001738483,0.2658477792381569,0.6534187946661922,0.6379042295076182
944582,10,103,0.2868767563653515,0.41008330094649115,0.7236881681592003,0.7100674605259214
945019,12,103,0.30500644278120354,0.3786723269742529,0.8564133178284515,0.599673836124828
945130,10,103,0.35826168573849154,0.2614709782845285,0.6385085041567389,0.6965822304635383
945170,1,103,0.21873753036897023,0.26392001184116337,0.617608600993616,0.6949295566773389
945188,6,103,0.26442061910820064,0.28071207276936166,0.6056986209166279,0.6280002068101299
945741,1,103,0.24733791527856452,0.2888857349554025,0.6021891248758988,0.6706117587677867
945757,1,103,0.197801996042716,0.28714018896667215,0.6424526856754422,0.7124991408530107
945763,6,103,0.22486735303737462,0.20813076616482762,0.5986617507794204,0.6201142786300587
945840,6,103,0.3354119150001729,0.1714536797556981,0.5484360770496085,0.6929665974110449
945973,3,103,0.24153924382443465,0.2274724009959982,0.49366926114045223,0.5881678989741108
946013,1,103,0.2712642644662529,0.22297167134123286,0.7180355170690724,0.6583463192201927
946028,1,103,0.16280437359594635,0.23267216198311058,0.7212363514734778,0.6501289796621289
946849,6,103,0.3098637687723555,0.2700450983307189,0.6354078358620483,0.6523525326043745
946960,12,103,0.345316961238118,0.28228549916944934,0.633216693368473,0.5503487517045219
947005,10,103,0.29474305012035773,0.33434045169741444,0.7350051107432897,0.6541612763397391
947042,6,103,0.26423605827487345,0.26385330602789436,0.5199040734227904,0.630949585326041
947662,10,103,0.3366561822800508,0.3498003613667031,0.6519418082612926,0.7199675075592696
947725,10,103,0.2631452238579815,0.3037543233708723,0.590518772057854,0.6225042852867846
947767,10,103,0.29736774297198026,0.2641033013418805,0.637565836012285,0.6577137164335937
948439,6,103,0.2679193471531484,0.31478036096096423,0.6021753125118534,0.6389607263478607
948476,6,103,0.2686974105958722,0.31061315549857244,0.7266282274343944,0.6148724446838779
948553,6,103,0.25129250162279543,0.29808547347725134,0.5518928724273344,0.6627633137918271
948776,12,103,0.37117793098204144,0.28785852064961437,0.7287475601953979,0.6000901461530894
948831,6,103,0.18677192055877548,0.26943224811229155,0.6162436142364506,0.6859862729914958
948860,6,103,0.23921339027821148,0.13733770627018477,0.5119256573915367,0.6701747832005107
949165,12,103,0.3885182527171911,0.33327256071561534,0.6917475659879769,0.617803829045958
949223,12,103,0.2591798082716086,0.3501236440662874,0.7186194632611453,0.5935027715975497
949373,12,103,0.32531694707489367,0.393167280152239,0.8335304793335729,0.5904682382142281
949409,1,103,0.26194509528384363,0.23266324618781845,0.6396215726747633,0.6190159590036947
949522,6,103,0.25973308841872206,0.3237440254648215,0.635768730821442,0.5983001728231184
949594,6,103,0.14964031877173328,0.25605244567677127,0.6573445739830547,0.618065062279362
949696,8,103,0.2507637272170902,0.24336189665681404,0.6968917916954998,0.633033473004715
949720,3,103,0.29866507312185747,0.34103835953709183,0.5650869207648861,0.5104032512094111
949895,10,103,0.4327046946674306,0.37366402123633574,0.768908807311312,0.6681364488152105
950502,6,103,0.2964297372844354,0.3049746745993912,0.675416626240866,0.6767902611958346
950636,12,103,0.3137918336695887,0.3182261048416688,0.7423653254428143,0.5943800822731423
950734,10,103,0.344900359538174,0.3491216473316773,0.6988575682279354,0.6558316315026117
950901,12,103,0.467971060470199,0.3243401327877468,0.7197760357697385,0.5479018176472376
950929,10,103,0.2692502493259666,0.40439089863831423,0.6908182066728779,0.711441999599958
951220,10,103,0.3291413279168876,0.32064935886140905,0.7629664582220465,0.6695150122079696
951312,12,103,0.3936511469101339,0.37175057963147795,0.8701196539166298,0.5634349745141287
951458,6,103,0.2007798910404752,0.3560883494705467,0.6123342012284645,0.5551051741749113
951532,8,103,0.2748699889948712,0.2603475202910446,0.7214050881901181,0.5648580358442464
951565,6,103,0.21786323791611123,0.22583891112275875,0.6379855071062764,0.7138584207789038
951585,8,103,0.2295955601973279,0.2935874661084267,0.7708201323914319,0.5904615673896675
951861,8,103,0.24357138081546448,0.34290983773506634,0.7379425287044012,0.5653436102846591
952132,8,103,0.27062197506693353,0.23337233498122545,0.6593557458090759,0.5728328734900602
952169,8,103,0.29830439859331087,0.2360382393673792,0.6279202515151983,0.5247128475747184
952335,6,103,0.28261957334341536,0.24672098750581542,0.6020317635543757,0.6777646119472324
953112,10,103,0.2768618537640652,0.38754103935332007,0.745357302534429,0.7689029910697152
953350,3,103,0.2736165716800974,0.34452074561343793,0.5317345103856737,0.5204173440403872
953704,8,103,0.283857885720731,0.28967756951900747,0.7349293859026151,0.5828174539649628
953848,1,103,0.2527572407614746,0.331278483394425,0.7135351971626902,0.6442086179345549
953867,3,103,0.21194091998800846,0.2399824049208905,0.5864003154234109,0.558494804480837
954055,8,103,0.3640764332494933,0.29553888505377984,0.7424293293367477,0.551865429189959
954584,10,103,0.33150091566906853,0.3189655765642059,0.7753005500056456,0.7331147874416623
954607,1,103,0.30508557249063006,0.24768765739732937,0.7063955808667081,0.5473666632848043
954780,3,103,0.19912147038116618,0.28441316747454953,0.49011218186169037,0.5892812861067649
954817,10,103,0.3961981481986293,0.3212865736982081,0.7381322332569533,0.700711569096793
954858,8,103,0.250846006877195,0.25572247948737664,0.6702337380001124,0.5425024787669979
955053,12,103,0.3275860840937186,0.32136302375924386,0.7820591627278352,0.6113032659355948
955208,1,103,0.29113287080271677,0.28443255652832505,0.7948098418747089,0.671525605428157
955597,8,103,0.2616426148962383,0.2571356787462091,0.648412039547852,0.5519243594240759
955626,6,103,0.2624005443222215,0.38282006736599483,0.567860633910994,0.6510084301431532
956277,6,103,0.26220770515823383,0.2623550010492665,0.6410153875140353,0.6864832320918608
956341,10,103,0.3425516339473001,0.3369758531854185,0.792606384540452,0.7950451575461694
956553,10,103,0.31992792861487684,0.3352100992430492,0.7260206407486548,0.7826085210268903
956610,12,103,0.3656777999509533,0.3415456683771785,0.7931641010557494,0.5957731038839565
956709,1,103,0.19026957380595366,0.182961734283734,0.5790595566316956,0.5780736201512772
956754,8,103,0.3334673323820603,0.24556605951902255,0.7875623279098076,0.54246052550267
956905,1,103,0.23721262781721464,0.22214116948795207,0.6551293963887928,0.7115325123565496
956935,8,103,0.30123567645004096,0.2949999545663885,0.6852566550165442,0.6194740528503547
956956,6,103,0.22466756599448695,0.25971563807660886,0.7226001993754296,0.6338640157486379
956958,12,103,0.26503204188580765,0.28075253948640294,0.8638662519919496,0.5375100543510719
956963,6,103,0.35718188726218314,0.3132058249418891,0.5848964127540003,0.6152053346004788
957076,6,103,0.2941422909376521,0.3367249931800832,0.5796337198101925,0.4774480018079016
957832,1,103,0.2461567326559103,0.30285807022754385,0.6106593599449281,0.7085763591162324
957906,10,103,0.3485660758385521,0.35833861290365676,0.7435536622993534,0.772467152900383
958184,3,103,0.28038238270434934,0.24445179919696988,0.5869028607324259,0.5688919259412941
958431,1,103,0.2956019557602839,0.26368263825066285,0.7035846625806373,0.5467961161273465
958490,6,103,0.21201510689311326,0.37336483730214576,0.5857738037867328,0.5629203496556625
958520,12,103,0.2874183520196836,0.392317231347148,0.7628939752412873,0.6077317291127777
958629,1,103,0.185182636566037,0.19504571790606462,0.6525440400970499,0.6920131767152984
958636,3,103,0.23856589462412517,0.1978717996611832,0.5696314892881457,0.5242542343926008
958642,10,103,0.33066285513892907,0.37429633075465596,0.7645719583056837,0.8119760135632645
958700,12,103,0.3284476275804997,0.30174866295465197,0.7772485340049273,0.6228284326758097
958853,10,103,0.356179975800912,0.3368593644818872,0.7132030437184211,0.5930392857400388
959307,1,103,0.20598810367020698,0.3129995222738808,0.7188367168842205,0.5237305561940075
959426,8,103,0.2509859424444025,0.2452327279908955,0.6993763415806303,0.5684429710254066
959445,1,103,0.19381791726596498,0.3659018003237828,0.6714712179236593,0.5147824161359625
959529,6,103,0.2578542351249482,0.27711451695140465,0.6095249936243838,0.6082929396647069
959674,6,103,0.30058698742392925,0.32160817576147727,0.622341967702212,0.6435718526446208
959704,12,103,0.2594443678654016,0.3655824655858647,0.8311301054636053,0.6336313311690378
959706,3,103,0.23897901542573768,0.22060957520596003,0.5894092626688896,0.5435854439218601
959864,8,103,0.2503539092174315,0.23385516402096396,0.7271967675145258,0.5549700768163544
960007,1,103,0.2541468238737406,0.2590898653936482,0.7078751851424798,0.6713793826317346
960368,6,103,0.21260388791171442,0.324924552778369,0.6607115122534506,0.6622754980823665
960539,1,103,0.14462674346797466,0.25405533513175615,0.665782431012528,0.6350839488907931
960735,6,103,0.29334813868917486,0.20971862015598125,0.670540022760792,0.6604566754456679
960916,8,103,0.2547548547177163,0.23923802887972168,0.6274556991724405,0.6027188486813855
960935,6,103,0.26087647868181807,0.2876980558554152,0.6802596914460568,0.629320522888661
961251,1,103,0.20935498029426183,0.24216868708509728,0.6842693747039785,0.6897699822535608
961501,12,103,0.2914045858166661,0.3505824555871919,0.7927808093916701,0.6498710408059165
961672,8,103,0.20237983227590178,0.21647012239695115,0.6328719500100899,0.5443289401713038
961738,6,103,0.29142059775619883,0.325949334436833,0.6217991128441067,0.6518505860199174
962206,6,103,0.2275517947500664,0.2954087405143132,0.7056828423852731,0.7087785777706166
962521,6,103,0.2972207720118545,0.2765532161609153,0.650015322072189,0.6103506359823344
962585,12,103,0.4418531606839016,0.2732159555731771,0.719878829094796,0.5694569917090404
962886,10,103,0.3294213180267543,0.2313663198889796,0.7154641785274883,0.7196815922099711
962899,8,103,0.21407494245029354,0.1978589321976354,0.6755609682761146,0.5668012469342563
963054,6,103,0.32081981771719004,0.3481798646011349,0.5902631239277387,0.6832002928234706
963111,6,103,0.1386300384014847,0.294409858426393,0.6055324766062623,0.6625157924557671
963129,3,103,0.17152368436669166,0.2657392757269061,0.48409998190690245,0.4514607777535734
963270,8,103,0.12075325060873779,0.21751398949040002,0.6425402677146003,0.5335285236021023
963394,8,103,0.37930048635558317,0.27526018687485143,0.633680016916436,0.5871111923025257
963423,8,103,0.31198932740305885,0.27360529094310565,0.8281304275963696,0.6199160237679202
963433,8,103,0.316476221981193,0.22417829665079958,0.676152737240848,0.5887317318622284
963520,12,103,0.3921577785193133,0.2961575954306629,0.9200067002226147,0.629091592971833
963670,6,103,0.2599474396894691,0.24240128641871417,0.6484867516858701,0.6328012717289125
963681,6,103,0.3452366008432371,0.3056067217543843,0.5917031959395758,0.7146749014680499
963801,6,103,0.2929360521848151,0.325543061507762,0.5397202920086197,0.669923898322832
963858,8,103,0.2283060125007291,0.22921296211298758,0.6659082604534872,0.5846749167040959
964083,8,103,0.20970878716249397,0.23865709410736088,0.6964943678733759,0.6360135470026519
964187,6,103,0.17580139702269598,0.29228957445163606,0.6170958294969342,0.7207990866383509
964389,1,103,0.18827818006441627,0.18727944460179013,0.6573433734023304,0.7302900911592856
964726,3,103,0.2617768394875443,0.25243820019631347,0.4028277415960785,0.46450600352044663
964922,6,103,0.17194889073489078,0.18907650836038903,0.6557138695968643,0.6336026809907549
965258,10,103,0.34980221574191483,0.3444369810336913,0.6889262074437661,0.79134014510726
965452,6,103,0.265242456425717,0.24195840611345157,0.6069057957035447,0.6309249710334144
965585,12,103,0.3102185979728516,0.4067546484007637,0.6735896019009533,0.6454922306936591
965677,10,103,0.28274708438478735,0.35776658760057367,0.7303545790509736,0.7889993361175965
965840,6,103,0.20521573976364757,0.3270264460006445,0.7144240322547062,0.658166207730997
966088,12,103,0.2676307111278014,0.29770262784969237,0.808948551715627,0.5477509724619177
966391,12,103,0.358545376842759,0.3507735427654159,0.7721711964290343,0.5764918454893173
966498,6,103,0.1972897642456208,0.3847515707896379,0.5965735304138147,0.6296301839152455
966600,6,103,0.27111287271245815,0.22254671050821972,0.6034348170903621,0.6833623870840704
966649,1,103,0.24640429287661061,0.34539379752164606,0.5556907671868134,0.6484629236487431
966652,6,103,0.26570691877589564,0.1934593388208245,0.6833633367115369,0.5708979938824688
966672,6,103,0.25977407609883696,0.2802584815646632,0.5385214702151415,0.6302173700881712
966692,10,103,0.37147297111205696,0.26128753557724144,0.7244402156014489,0.735678071304409
967214,6,103,0.2811097597921437,0.2989178097136392,0.6549412110507066,0.6036569291521712
967353,10,103,0.3758409791465127,0.26129991531370983,0.7907834881654078,0.6538671232962363
967844,6,103,0.17152938092386477,0.2512453570080364,0.6556153711572201,0.7692258248443486
967846,6,103,0.23100680452616415,0.1954009041040159,0.64001597064963,0.6959564448472094
967891,3,103,0.36793751474755626,0.27122100698860174,0.48197027349738814,0.5983714654862748
968040,10,103,0.307368243899924,0.42982157361388273,0.7220577945466585,0.6170588497799869
968164,12,103,0.4033610518870324,0.3308489938684636,0.7182122518843047,0.6392304345354012
968329,12,103,0.36409764144009793,0.3536557538403025,0.7655560686673014,0.5464848564672797
968367,8,103,0.2843726670930125,0.180836040777882,0.647777630832467,0.5946343320382705
968370,6,103,0.2721453128710237,0.37566301765290333,0.6271922551971973,0.7399997491419933
968609,1,103,0.2013656644628543,0.20572477223845928,0.6408111846889025,0.6190322804558818
968727,8,103,0.2838513678662113,0.3579241011577206,0.7202107800574097,0.6566240938258024
968855,12,103,0.2579932063090346,0.38541634197333347,0.7620853943797524,0.590170110828139
969050,3,103,0.2648877971772116,0.2179899308843237,0.5242024749938009,0.5504487034775323
969066,1,103,0.1907411816633307,0.25389126788799493,0.5626654259419688,0.6051670177410646
969127,6,103,0.2995583075372323,0.2418740371568454,0.6542689465114627,0.6361845300680513
969161,1,103,0.25326775320337935,0.2795650691779134,0.6053079484412625,0.6248668491209275
969232,12,103,0.29353458814359257,0.4010980661048816,0.7409370315482655,0.558417216736388
969537,12,103,0.3621620993439775,0.2716774546171282,0.8147441945293579,0.5253877080610739
969833,6,103,0.26431609429345126,0.2266185373641526,0.6158248138842812,0.6288969786311429
969871,6,103,0.292083756332033,0.27154697621442864,0.6814128504741832,0.6246859957102301
969893,3,103,0.3401305267815938,0.24744621574693362,0.43926862021984786,0.49364846622933245
970106,6,103,0.24448798484969714,0.2844040621576417,0.6725312634962959,0.6344349631091968
970415,6,103,0.2767982128530857,0.282165489877468,0.5558793898169689,0.572032845855868
970506,6,103,0.28767252897798795,0.2532603390212457,0.5791311011566016,0.6373303043317226
970572,6,103,0.18648585962623748,0.24384513856713394,0.6005401763983521,0.6675845129112945
971046,12,103,0.3462788016397245,0.3030867431315703,0.7754082078780833,0.5901331295794554
971092,6,103,0.3237511094657904,0.3044831625319877,0.6424777635703774,0.624907367135473
971204,6,103,0.29465160326371076,0.14557230944163344,0.5674848059556445,0.6434336925498804
971383,10,103,0.2648014294609462,0.35541574139107096,0.6364247586150464,0.7203720514524936
971407,8,103,0.23159619763077555,0.3137525237810795,0.722555723488538,0.5827106907510218
971444,8,103,0.24808672007002416,0.3962439489296089,0.7240217055869038,0.6358736154273893
971646,12,103,0.33478659088228263,0.3475714093776842,0.8239817161973507,0.6304111090976284
971719,3,103,0.23272521842667207,0.04615838754859744,0.4726605916525499,0.48680918618675273
971744,8,103,0.3466561283831706,0.2664633179318816,0.6362164799015313,0.5556059548580569
971979,1,103,0.18104234434935884,0.2308803541117476,0.639434133505302,0.5238536382007516
972081,6,103,0.24264310699017821,0.30204514728050535,0.6157913769278723,0.7178538628613831
972257,6,103,0.2076926654659563,0.3054059532873122,0.6652375411258945,0.6364992870071532
972348,12,103,0.31824513808604754,0.38481860267878265,0.7869589571036713,0.6344940493133384
972372,12,103,0.3963947225387835,0.4121359230679761,0.7408887691734084,0.6074931143103995
972390,6,103,0.26276534779014127,0.31317912468173714,0.6614095525776423,0.5872664665758395
972408,6,103,0.27105531255156146,0.2872858440058817,0.6784335030987111,0.7229606755922939
972436,10,103,0.36920091529314386,0.3851841821039373,0.7095328445275745,0.6640837496715406
972716,3,103,0.32805467611314676,0.17399358067780335,0.5011618110693816,0.48136171265543337
972777,10,103,0.30711207830644793,0.39641585857740597,0.6571437888009831,0.6563887978076173
972859,12,103,0.3038286616339665,0.37339826385717323,0.7094558873420351,0.6058660860148538
972900,12,103,0.3518929696181246,0.39270232315573206,0.7964876214498691,0.5979612040821528
972915,6,103,0.2902158105624723,0.2871842279534306,0.6654118992266215,0.613702844239057
973014,1,103,0.24265708512205766,0.3193085613562937,0.6283798678311147,0.5899410973012236
973393,6,103,0.3509385250570425,0.36209592391558953,0.6191516906580378,0.6437399902367821
973450,6,103,0.25823202219462954,0.24812561790891524,0.6978923191422748,0.6973121017165872
973539,6,103,0.30740716153589753,0.34567153749673957,0.5618878634691137,0.7430503091877069
973563,6,103,0.25127559211884765,0.24409629844071515,0.581191949072765,0.5519116979655883
973623,1,103,0.2547271313801454,0.2722466227124851,0.6484974268909327,0.6360668741780823
973646,10,103,0.3155079692595389,0.2867125473462442,0.7981613259586707,0.7221773444807754
973753,10,103,0.26954277077104055,0.30016188208010464,0.751338124009985,0.7044224424257667
973897,6,103,0.2502126927763688,0.2933856162183216,0.6772564932781777,0.7151615068179717
974318,8,103,0.2761925424267339,0.24614081377846572,0.6563202733147371,0.5303692616317764
974696,12,103,0.28052923394800466,0.4142711307320553,0.8686028883876683,0.5754808794152086
974890,3,103,0.17714773432062242,0.25771659811374503,0.5374777062163201,0.5629618863651755
975152,6,103,0.2399752059869515,0.29644037849117455,0.6576572132646987,0.6551890238160191
975259,6,103,0.25314918799168323,0.2686967606891344,0.6142859885552217,0.6866445986513294
975395,6,103,0.2191078183288191,0.24379251475895966,0.6351996398412173,0.6382226060744545
975615,3,103,0.3226147324300781,0.20362052090250538,0.47304859767685037,0.49589270733696095
975627,8,103,0.272450107620609,0.35271450397670345,0.640536538336392,0.5325876882207976
975631,12,103,0.2885715061475016,0.3973346814458154,0.7669821744104592,0.717168731316447
976136,6,103,0.23853739175996622,0.3112286427613972,0.6792603687003745,0.7245767927726442
976259,6,103,0.3218565846580935,0.23721728835783096,0.6303787031499929,0.6903042585527959
976300,6,103,0.29000755091691033,0.36686743363324537,0.6500250776024253,0.7319201037237247
976420,10,103,0.465045702296508,0.3683714658081525,0.6808892511727008,0.6775496753506278
976525,10,103,0.3218842346289617,0.22670605300961896,0.7206344797746675,0.6529113487617546
976553,12,103,0.3053238218972748,0.3588998103110579,0.6924610136930609,0.6076503741413828
976649,12,103,0.33288657998813087,0.36381981963688664,0.8187170353265917,0.5604586491451117
977131,1,103,0.2848125274993203,0.24696530105687978,0.5894156406961784,0.6398621640699019
977210,8,103,0.26318412340250436,0.26247249013950036,0.6600291377592973,0.6523391691194091
977233,6,103,0.28924435032603946,0.31189506986356963,0.627147085753973,0.5815218879506789
977367,6,103,0.27423964261193323,0.2599354942736885,0.6613021054744773,0.6699006736708066
977533,6,103,0.27957390862901244,0.27440502128605615,0.6757388563167592,0.6189392903834666
977590,12,103,0.2588758043541018,0.3134606524912965,0.7966980168243409,0.6092080987126085
977737,12,103,0.24984266377734643,0.35187097017567026,0.7685246774261998,0.5855541863035547
977875,12,103,0.4165225341661677,0.33667767606825866,0.8622443885623923,0.5451116091005872
977940,6,103,0.32335908312476025,0.28714654648214893,0.6436424051205551,0.6396777844715854
978234,10,103,0.22730980427621494,0.32464689873631697,0.7427534934673883,0.6643936271627441
978297,3,103,0.2986185663352485,0.24598570073230663,0.5122620578168727,0.5100671833452277
978313,10,103,0.34479795219603715,0.3431580765636027,0.769362142966339,0.728430834656031
978502,10,103,0.31435021128754415,0.4189800128914283,0.6777522429015693,0.7150207175716623
978508,1,103,0.23609990553489454,0.2699058381327019,0.6672385534783655,0.6124914502669467
979040,8,103,0.25755662389572626,0.18346717662109863,0.6483286765839453,0.5378603973259088
979124,1,103,0.25386088707512955,0.12561867542125688,0.6578151318756703,0.6078518976980177
979207,8,103,0.23454825938958457,0.2984609466760346,0.70201125388326,0.6121785939652926
979224,6,103,0.23535008170585828,0.23495830457385253,0.7216442560454102,0.7164556589226583
979300,1,103,0.24326043041759224,0.2615470902514861,0.6988238997288874,0.6886598281753002
979323,6,103,0.32611690148219513,0.2782403396521874,0.5267876930783192,0.6140718508517906
979437,3,103,0.24737134937022376,0.24039455894572082,0.46463093378705156,0.4151837587626319
979896,10,103,0.3882227674617992,0.26725433214449734,0.7465071631158204,0.6601361628104613
980225,8,103,0.269525940523032,0.2856285423866892,0.6302113261464635,0.6033200632815678
980325,12,103,0.3162519913694296,0.36890898722626936,0.6423342310410292,0.5225174340050651
980366,8,103,0.24814704381896982,0.31411025061883896,0.7231182300830561,0.6262283004323079
980467,1,103,0.17899658278161157,0.1344138868374084,0.7258045323576672,0.6127265800630723
980571,1,103,0.21504877900757877,0.23318129715443922,0.7128018110222786,0.67484585656601
980703,12,103,0.35827007261729643,0.3409720672048528,0.6672345992853792,0.5443048137671125
980735,12,103,0.33294826277148704,0.3237223431245124,0.7157683922307543,0.5550657236420214
980917,8,103,0.25968354913521763,0.25397725539692095,0.7290399497658675,0.5593476535154053
981216,6,103,0.2558848297041329,0.26524906711609014,0.6163424205525816,0.6279770466513207
981901,10,103,0.2675787676392914,0.29149102833028406,0.8176745744303084,0.7346304734106963
981921,6,103,0.3093162938845055,0.31165212695137745,0.626634747435276,0.6365964703413219
981925,8,103,0.296525556867017,0.29018870955072457,0.6864932020928762,0.6166083173125912
982286,10,103,0.38949140724259046,0.35114839541643134,0.7084225237101632,0.6381611691416361
982458,3,103,0.28027569064158403,0.17074851258786217,0.5325376040314105,0.46557226536501206
982544,12,103,0.3327319159481176,0.39003229683644014,0.8486040776700112,0.5974838679962636
982559,10,103,0.35720083881966735,0.24777551243159682,0.7340471703885655,0.7158328649205445
982597,1,103,0.2346310803397857,0.28593165757735156,0.6623176159568108,0.6077908005151579
982714,6,103,0.25850667841783387,0.25616744810493974,0.5165139399657235,0.6634181379447059
982804,6,103,0.3270882195142396,0.25296982003813173,0.6083421064203564,0.6241977625961388
982823,6,103,0.23588170093633895,0.24913734010029048,0.5746497967400573,0.6904895305054268
982844,6,103,0.31732342919626055,0.3195098946251371,0.5901607222881657,0.6367698899279575
983105,6,103,0.31347131493004987,0.2915875717484584,0.604005593792167,0.6319441137665333
983146,12,103,0.43212786522345914,0.32810182442620067,0.8772242064029552,0.5648732556039809
983226,6,103,0.2878249544769206,0.2946338687654935,0.580241747390687,0.7235643362942619
983236,8,103,0.19543564904002247,0.2708187448643406,0.5833207024653172,0.5104306285405003
983688,1,103,0.20566474295696635,0.26662655141302727,0.6013989437161331,0.6095504691531657
983916,1,103,0.25620985576203353,0.2122756382875278,0.6429580597510978,0.5917279295349918
985041,6,103,0.21109787208066222,0.22725701992913117,0.6699920645811421,0.6798977329211344
985359,12,103,0.3962181618712823,0.3383115999091604,0.6493483386098464,0.5506377563890709
985515,1,103,0.28161487133127433,0.18081166642119256,0.6451266823320599,0.6512302928289962
985742,8,103,0.2961252942182224,0.13818227185424548,0.6503550814580736,0.5269383306787356
985835,8,103,0.3456278670970283,0.34061454680984926,0.6715796943546982,0.581865141784175
986131,3,103,0.31904230249725973,0.22837013099905754,0.43741520087447344,0.5711162549233769
986340,3,103,0.30502061329317354,0.2748922224158774,0.5746786181735458,0.5126550228234735
986415,10,103,0.4393668125828177,0.3305249472891249,0.6615426129166712,0.783578269470497
986607,6,103,0.2502000779936885,0.22076599992310678,0.6340952855553611,0.7335045527553612
986917,6,103,0.23115856409574634,0.23074697650849946,0.6682312806335953,0.6954295995622405
987052,12,103,0.23896146673591817,0.36433896253160675,0.8079139189449653,0.5850356574990199
987242,12,103,0.25897279522993577,0.347146293721792,0.7338569630038201,0.6222902356033537
987323,12,103,0.3163985650641804,0.34297158598754246,0.8396464778231283,0.5964848115552432
987376,1,103,0.19212988632466954,0.23699603780698134,0.5580055553389547,0.6381215487794386
987397,6,103,0.3011453144009222,0.24502747258488142,0.6895947902699513,0.5772176620585784
987543,12,103,0.43226497266535213,0.31924945273804517,0.7814047162864269,0.5973777651977019
987597,1,103,0.3418734791104212,0.23153535319794244,0.6027293855388334,0.7092815201236892
987802,6,103,0.2888100174364801,0.23967616334256445,0.6011157907015933,0.6904836525073009
988315,12,103,0.34166596150500317,0.3758303273905289,0.8616769211022313,0.6470372890979388
988614,12,103,0.30648065578824957,0.38020354081947705,0.7339400276280874,0.5171538652168572
988654,3,103,0.2802819560692025,0.21671296920400993,0.5038747584818588,0.5013514980316445
988664,6,103,0.2772965544671523,0.3425693838676729,0.5722941213259258,0.6885708018212028
989181,1,103,0.2889336969621441,0.23224853036597773,0.6112713751303395,0.620788387320309
989193,12,103,0.3455474422788642,0.3732348651825672,0.7992000788289094,0.6179483056645861
989577,10,103,0.3686978132260708,0.36033248474359963,0.6726919946004669,0.7142759265756433
989752,6,103,0.23430447129409332,0.2515241151158132,0.6289738357863478,0.7638665610464146
990039,12,103,0.4201262513633488,0.2990279251750718,0.7139318213962711,0.562114289253895
990063,3,103,0.32792282694743485,0.31581240714150854,0.48180558490203396,0.4706480637642175
990133,10,103,0.2783012367843456,0.3763636654012003,0.7051162439066524,0.7323131211623543
990358,6,103,0.233208397964272,0.23393630767232432,0.6041670142198423,0.6259232561372207
990550,8,103,0.14703123857517209,0.3190216797450801,0.6618558980631706,0.5461600356445406
990576,1,103,0.2918533021593825,0.21632595573857774,0.7540841109176395,0.5234039604556078
991216,10,103,0.32301619484705035,0.32391995935965434,0.7095563471798522,0.6154502920754333
991278,6,103,0.2163597984425229,0.24004376482676026,0.655826705942569,0.6307151875264898
991323,12,103,0.3754274473525338,0.44767644487473457,0.7252130952719056,0.6031720800473895
991409,10,103,0.3337479638985906,0.3465800040105151,0.7349781000825781,0.72916570619962
991504,3,103,0.36842908909649036,0.24640087412343198,0.5566893508603866,0.48644949720525243
991514,6,103,0.21440766259545635,0.3016842851744225,0.6747331506903843,0.5950695571418193
991699,6,103,0.2320423324350409,0.2357917074951272,0.6084624506577799,0.6863194866336505
992222,3,103,0.3484531705952209,0.231208741314231,0.4935080724652284,0.5679098395245363
992273,12,103,0.35924105104142345,0.3376773408994491,0.7350012880912804,0.5930528461527138
992508,8,103,0.21578211930264068,0.23175249965175265,0.7655705017336468,0.5736377612071619
992617,10,103,0.3670600537926324,0.35547803721466426,0.7453354429419049,0.7108843791378756
993000,6,103,0.19754412117287845,0.15453519278234154,0.6550997318898436,0.5935173319808792
993123,10,103,0.3437364198409709,0.3042208729810944,0.7020227976796943,0.7768858202161613
993553,6,103,0.239155404755238,0.3038683579075614,0.6056414091611515,0.693608097470873
993750,8,103,0.19248556434607705,0.3151300473743869,0.6319103059530664,0.608699251418934
994099,10,103,0.3294861090541549,0.3180762694023897,0.7071195336230659,0.7917227986179356
994130,6,103,0.1670924123229012,0.32074154352439005,0.6649771769301095,0.6864874483749304
994151,1,103,0.21963176947534274,0.2887986042574223,0.6650805233706915,0.656960355472186
994206,12,103,0.334731470407088,0.40348143591831914,0.6709139665240018,0.6383343229003025
994540,8,103,0.21029078745185184,0.3258981727005418,0.5524047682402699,0.5671307394694719
994609,6,103,0.23987280976476247,0.38430170966768384,0.6781975175933118,0.6347196879075802
994796,6,103,0.20951467869870358,0.3422888611991651,0.6522205086972903,0.7352194418553437
994884,12,103,0.34150111306804565,0.29531661840063994,0.8251091309999224,0.580371793378121
995033,8,103,0.2662648874145653,0.260325212999449,0.7219533205201994,0.60835714097769
995111,8,103,0.2523727550578804,0.28172930632971943,0.6129600065023941,0.6955352973281375
995671,10,103,0.37021510933667895,0.32537729414021244,0.6527479137660106,0.669354448562615
995699,6,103,0.14146554685612603,0.2967472956445013,0.6854600193741782,0.6674156396308665
995887,6,103,0.19616390277622847,0.32158792176982715,0.5818689624799201,0.7500356368328702
995944,1,103,0.155736887707635,0.24476972682912565,0.6168141609184802,0.5421154837090617
996199,8,103,0.20586197737256925,0.24847793944507746,0.6313635666630644,0.5798325318587946
996218,12,103,0.3420382087534698,0.256911634548555,0.6975151069665042,0.6646605482678605
996596,8,103,0.22514819768547592,0.253556331741817,0.7039424337955646,0.5724601328246368
996720,12,103,0.358415838372577,0.24692191667763697,0.7542344775482969,0.5760751330524819
996848,8,103,0.2499527537361808,0.22394483088840936,0.8117100246021157,0.5550199261100374
997096,12,103,0.3660169346157178,0.3406260439309477,0.7800422498119653,0.5455881840951352
997180,3,103,0.32543271117214434,0.3609016758131453,0.48185612444580184,0.4917488025538756
997328,8,103,0.26999299513424646,0.2632212765812905,0.6510947938321515,0.6062451314552052
997364,12,103,0.331056769754501,0.3315139106897049,0.8212229871159765,0.5833660300816232
997886,10,103,0.3715579290207111,0.3977337629393223,0.737763721376299,0.6735664323317353
998170,3,103,0.34661544900045205,0.22652158623553814,0.5092736867198192,0.6332401286888667
998317,10,103,0.28947288320050063,0.354437800731274,0.7255564222109172,0.7514712779175661
998508,10,103,0.34183328508222155,0.37534442239576,0.6888644158444065,0.7462933041911889
998873,12,103,0.37069706690497717,0.3693243429872326,0.6828384975400956,0.607076632227629
998958,12,103,0.33940143807243844,0.3760921049598324,0.7851899989036172,0.5898828432094563
998990,6,103,0.3810964152605304,0.24647849085009488,0.6556521521422404,0.6332875995732661
999074,6,103,0.347460484486054,0.32343743729253466,0.558748472388151,0.7393141628119957
999288,1,103,0.23813400873586124,0.2115298286207148,0.8093330051955131,0.6949477464649599
999379,8,103,0.25029726017687853,0.1900171536230824,0.7321047692208924,0.566393314851125
999570,12,103,0.3537837460144988,0.30594016406471936,0.7063029793628078,0.6299506540043736
999728,12,103,0.41592533371523566,0.32887560590500897,0.688714260969448,0.6264411424994943
999848,3,103,0.28553542707032215,0.3306004833156534,0.5163634137442789,0.4872670975345078
999853,6,103,0.2850904592015253,0.2523328533746993,0.5911866981307295,0.6828476370045213
999951,8,103,0.14740679174609328,0.3362259078452223,0.6976889264922447,0.5381798221364992
